name,link,image,sku,model,price,original_price,save,rating,rating_count,is_sold_out,product
Apple - 10.2-Inch iPad (9th Generation) with Wi-Fi - 64GB - Space Gray,https://www.bestbuy.com/site/apple-10-2-inch-ipad-9th-generation-with-wi-fi-64gb-space-gray/4901809.p?skuId=4901809,https://pisces.bbystatic.com/image2/BestBuy_US/images/products/4901/4901809_sd.jpg;maxHeight=200;maxWidth=257;format=webp,4901809.0,MK2K3LL/A,199.0,329.0,39.51%,4.9,28334.0,False,iPad
Apple - 10.9-Inch iPad - Latest Model - (10th Generation) with Wi-Fi - 64GB - Silver,https://www.bestbuy.com/site/apple-10-9-inch-ipad-latest-model-10th-generation-with-wi-fi-64gb-silver/5200800.p?skuId=5200800,https://pisces.bbystatic.com/image2/BestBuy_US/images/products/5200/5200800_sd.jpg;maxHeight=200;maxWidth=265;format=webp,5200800.0,MPQ03LL/A,299.0,349.0,14.33%,4.9,15331.0,False,iPad
Apple - 10.9-Inch iPad - Latest Model - (10th Generation) with Wi-Fi - 256GB - Blue,https://www.bestbuy.com/site/apple-10-9-inch-ipad-latest-model-10th-generation-with-wi-fi-256gb-blue/5201010.p?skuId=5201010,https://pisces.bbystatic.com/image2/BestBuy_US/images/products/5201/5201010_sd.jpg;maxHeight=200;maxWidth=264;format=webp,5201010.0,MPQ93LL/A,449.0,499.0,10.02%,4.9,4768.0,False,iPad
Apple - 10.2-Inch iPad (9th Generation) with Wi-Fi - 256GB - Space Gray,https://www.bestbuy.com/site/apple-10-2-inch-ipad-9th-generation-with-wi-fi-256gb-space-gray/4901816.p?skuId=4901816,https://pisces.bbystatic.com/image2/BestBuy_US/images/products/4901/4901816_sd.jpg;maxHeight=200;maxWidth=257;format=webp,4901816.0,MK2N3LL/A,349.0,479.0,27.14%,4.9,7139.0,False,iPad
Apple - 10.9-Inch iPad - Latest Model - (10th Generation) with Wi-Fi + Cellular - 64GB - Blue (Unlocked),https://www.bestbuy.com/site/apple-10-9-inch-ipad-latest-model-10th-generation-with-wi-fi-cellular-64gb-blue-unlocked/6340463.p?skuId=6340463,https://pisces.bbystatic.com/image2/BestBuy_US/images/products/6340/6340463_sd.jpg;maxHeight=200;maxWidth=200;format=webp,6340463.0,MQ6K3LL/A,449.0,499.0,10.02%,4.8,343.0,False,iPad
Apple - 10.2-Inch iPad (9th Generation) with Wi-Fi + Cellular - 256GB - Space Gray (Unlocked),https://www.bestbuy.com/site/apple-10-2-inch-ipad-9th-generation-with-wi-fi-cellular-256gb-space-gray-unlocked/6340480.p?skuId=6340480,https://pisces.bbystatic.com/image2/BestBuy_US/images/products/6340/6340480_sd.jpg;maxHeight=200;maxWidth=257;format=webp,6340480.0,MK693LL/A,479.0,609.0,21.35%,4.7,255.0,False,iPad
Apple - 10.9-Inch iPad - Latest Model - (10th Generation) with Wi-Fi + Cellular - 256GB - Silver (Unlocked),https://www.bestbuy.com/site/apple-10-9-inch-ipad-latest-model-10th-generation-with-wi-fi-cellular-256gb-silver-unlocked/6340429.p?skuId=6340429,https://pisces.bbystatic.com/image2/BestBuy_US/images/products/6340/6340429_sd.jpg;maxHeight=200;maxWidth=265;format=webp,6340429.0,MQ6T3LL/A,599.0,649.0,7.70%,4.8,213.0,False,iPad
Apple - 11-inch iPad Pro M4 chip Built for Apple Intelligence  Wi-Fi 256GB with OLED - Space Black,https://www.bestbuy.com/site/apple-11-inch-ipad-pro-m4-chip-built-for-apple-intelligence-wi-fi-256gb-with-oled-space-black/5495362.p?skuId=5495362,https://pisces.bbystatic.com/image2/BestBuy_US/images/products/5495/5495362cv11d.jpg;maxHeight=200;maxWidth=262;format=webp,5495362.0,MVV83LL/A,899.0,999.0,10.01%,4.8,391.0,False,iPad
Apple - iPad mini (6th Generation) Wi-Fi - 64GB - Space Gray,https://www.bestbuy.com/site/apple-ipad-mini-6th-generation-wi-fi-64gb-space-gray/4901902.p?skuId=4901902,https://pisces.bbystatic.com/image2/BestBuy_US/images/products/4901/4901902_sd.jpg;maxHeight=200;maxWidth=240;format=webp,4901902.0,MK7M3LL/A,399.0,499.0,20.04%,4.8,5901.0,False,iPad
Apple - 13-inch iPad Pro M4 chip Built for Apple Intelligence  Wi-Fi 256GB with OLED - Space Black,https://www.bestbuy.com/site/apple-13-inch-ipad-pro-m4-chip-built-for-apple-intelligence-wi-fi-256gb-with-oled-space-black/6533540.p?skuId=6533540,https://pisces.bbystatic.com/image2/BestBuy_US/images/products/6533/6533540cv11d.jpg;maxHeight=200;maxWidth=273;format=webp,6533540.0,MVX23LL/A,1199.0,1299.0,7.70%,4.9,407.0,False,iPad
Apple - 13-inch iPad Pro M4 chip Built for Apple Intelligence  Wi-Fi 512GB with OLED - Space Black,https://www.bestbuy.com/site/apple-13-inch-ipad-pro-m4-chip-built-for-apple-intelligence-wi-fi-512gb-with-oled-space-black/6533542.p?skuId=6533542,https://pisces.bbystatic.com/image2/BestBuy_US/images/products/6533/6533542cv11d.jpg;maxHeight=200;maxWidth=273;format=webp,6533542.0,MVX43LL/A,1399.0,1499.0,6.67%,4.8,151.0,False,iPad
Apple - 11-inch iPad Air M2 chip Built for Apple Intelligence Wi-Fi 128GB - Purple,https://www.bestbuy.com/site/apple-11-inch-ipad-air-m2-chip-built-for-apple-intelligence-wi-fi-128gb-purple/6533555.p?skuId=6533555,https://pisces.bbystatic.com/image2/BestBuy_US/images/products/6533/6533555cv11d.jpg;maxHeight=200;maxWidth=265;format=webp,6533555.0,MUWF3LL/A,549.0,599.0,8.35%,4.8,348.0,False,iPad
Apple - 13-inch iPad Air M2 chip Built for Apple Intelligence Wi-Fi 128GB - Space Gray,https://www.bestbuy.com/site/apple-13-inch-ipad-air-m2-chip-built-for-apple-intelligence-wi-fi-128gb-space-gray/6533576.p?skuId=6533576,https://pisces.bbystatic.com/image2/BestBuy_US/images/products/6533/6533576cv11d.jpg;maxHeight=200;maxWidth=274;format=webp,6533576.0,MV273LL/A,749.0,799.0,6.26%,4.8,153.0,False,iPad
Apple - iPad mini (6th Generation) Wi-Fi - 256GB - Space Gray,https://www.bestbuy.com/site/apple-ipad-mini-6th-generation-wi-fi-256gb-space-gray/4901906.p?skuId=4901906,https://pisces.bbystatic.com/image2/BestBuy_US/images/products/4901/4901906_sd.jpg;maxHeight=200;maxWidth=240;format=webp,4901906.0,MK7T3LL/A,549.0,649.0,15.41%,4.9,2324.0,False,iPad
Apple - 11-inch iPad Air M2 chip Built for Apple Intelligence Wi-Fi 256GB - Blue,https://www.bestbuy.com/site/apple-11-inch-ipad-air-m2-chip-built-for-apple-intelligence-wi-fi-256gb-blue/6533563.p?skuId=6533563,https://pisces.bbystatic.com/image2/BestBuy_US/images/products/6533/6533563cv11d.jpg;maxHeight=200;maxWidth=266;format=webp,6533563.0,MUWH3LL/A,649.0,699.0,7.15%,4.9,137.0,False,iPad
Apple - 10.2-Inch iPad (9th Generation) with Wi-Fi + Cellular - 64GB - Space Gray (Unlocked),https://www.bestbuy.com/site/apple-10-2-inch-ipad-9th-generation-with-wi-fi-cellular-64gb-space-gray-unlocked/6340478.p?skuId=6340478,https://pisces.bbystatic.com/image2/BestBuy_US/images/products/6340/6340478_sd.jpg;maxHeight=200;maxWidth=257;format=webp,6340478.0,MK663LL/A,329.0,459.0,28.32%,4.8,528.0,False,iPad
Apple - 11-inch iPad Pro M4 chip Built for Apple Intelligence Wi-Fi 512GB with OLED - Space Black,https://www.bestbuy.com/site/apple-11-inch-ipad-pro-m4-chip-built-for-apple-intelligence-wi-fi-512gb-with-oled-space-black/5495364.p?skuId=5495364,https://pisces.bbystatic.com/image2/BestBuy_US/images/products/5495/5495364cv11d.jpg;maxHeight=200;maxWidth=262;format=webp,5495364.0,MVVC3LL/A,1099.0,1199.0,8.34%,4.9,87.0,False,iPad
Apple - 11-inch iPad Pro M4 chip Built for Apple Intelligence  Wi-Fi + Cellular 256GB with OLED - Space Black (Unlocked),https://www.bestbuy.com/site/apple-11-inch-ipad-pro-m4-chip-built-for-apple-intelligence-wi-fi-cellular-256gb-with-oled-space-black-unlocked/6340476.p?skuId=6340476,https://pisces.bbystatic.com/image2/BestBuy_US/images/products/6340/6340476cv11d.jpg;maxHeight=200;maxWidth=262;format=webp,6340476.0,MVW13LL/A,1099.0,1199.0,8.34%,4.8,30.0,False,iPad
Apple - 10.2-Inch iPad (9th Generation) with Wi-Fi + Cellular - 64GB - Space Gray (Verizon),https://www.bestbuy.com/site/apple-10-2-inch-ipad-9th-generation-with-wi-fi-cellular-64gb-space-gray-verizon/6340838.p?skuId=6340838,https://pisces.bbystatic.com/image2/BestBuy_US/images/products/6340/6340838_sd.jpg;maxHeight=200;maxWidth=257;format=webp,6340838.0,MK663LL/A,8.0,,,4.9,32.0,False,iPad
Apple - 10.2-Inch iPad (9th Generation) with Wi-Fi + Cellular - 64GB - Space Gray (AT&T),https://www.bestbuy.com/site/apple-10-2-inch-ipad-9th-generation-with-wi-fi-cellular-64gb-space-gray-at-t/6340595.p?skuId=6340595,https://pisces.bbystatic.com/image2/BestBuy_US/images/products/6340/6340595_sd.jpg;maxHeight=200;maxWidth=257;format=webp,6340595.0,MK663LL/A,12.0,,,4.5,10.0,False,iPad
Apple - 11-Inch iPad Pro (4th Generation) M2 chip Wi-Fi + Cellular - 2TB - Silver (Unlocked),https://www.bestbuy.com/site/apple-11-inch-ipad-pro-4th-generation-m2-chip-wi-fi-cellular-2tb-silver-unlocked/6340526.p?skuId=6340526,https://pisces.bbystatic.com/image2/BestBuy_US/images/products/6340/6340526_sd.jpg;maxHeight=200;maxWidth=265;format=webp,6340526.0,MP5H3LL/A,1299.0,2099.0,38.11%,5.0,3.0,False,iPad
Apple - 11-inch iPad Air M2 chip Built for Apple Intelligence Wi-Fi + Cellular 256GB - Space Gray (Unlocked),https://www.bestbuy.com/site/apple-11-inch-ipad-air-m2-chip-built-for-apple-intelligence-wi-fi-cellular-256gb-space-gray-unlocked/6533626.p?skuId=6533626,https://pisces.bbystatic.com/image2/BestBuy_US/images/products/6533/6533626cv11d.jpg;maxHeight=200;maxWidth=265;format=webp,6533626.0,MUXH3LL/A,799.0,849.0,5.89%,4.7,11.0,False,iPad
Apple - 13-inch iPad Pro M4 chip Built for Apple Intelligence  Wi-Fi + Cellular 256GB with OLED - Space Black (Verizon),https://www.bestbuy.com/site/apple-13-inch-ipad-pro-m4-chip-built-for-apple-intelligence-wi-fi-cellular-256gb-with-oled-space-black-verizon/6533750.p?skuId=6533750,https://pisces.bbystatic.com/image2/BestBuy_US/images/products/6533/6533750_bd.jpg;maxHeight=200;maxWidth=200;format=webp,6533750.0,MVXR3LL/A,37.0,,,5.0,3.0,False,iPad
Apple - 11-inch iPad Air M2 chip Built for Apple Intelligence Wi-Fi 512GB - Space Gray,https://www.bestbuy.com/site/apple-11-inch-ipad-air-m2-chip-built-for-apple-intelligence-wi-fi-512gb-space-gray/6533570.p?skuId=6533570,https://pisces.bbystatic.com/image2/BestBuy_US/images/products/6533/6533570cv11d.jpg;maxHeight=200;maxWidth=265;format=webp,6533570.0,MUWL3LL/A,849.0,899.0,5.56%,5.0,15.0,False,iPad
Apple - 13-inch iPad Air M2 chip Built for Apple Intelligence Wi-Fi 512GB - Starlight,https://www.bestbuy.com/site/apple-13-inch-ipad-air-m2-chip-built-for-apple-intelligence-wi-fi-512gb-starlight/6533590.p?skuId=6533590,https://pisces.bbystatic.com/image2/BestBuy_US/images/products/6533/6533590cv11d.jpg;maxHeight=200;maxWidth=274;format=webp,6533590.0,MV2L3LL/A,1049.0,1099.0,4.55%,4.7,15.0,False,iPad
Apple - 11-inch iPad Pro M4 chip Built for Apple Intelligence  Wi-Fi 1TB with OLED - Space Black,https://www.bestbuy.com/site/apple-11-inch-ipad-pro-m4-chip-built-for-apple-intelligence-wi-fi-1tb-with-oled-space-black/5495367.p?skuId=5495367,https://pisces.bbystatic.com/image2/BestBuy_US/images/products/5495/5495367cv11d.jpg;maxHeight=200;maxWidth=262;format=webp,5495367.0,MVVE3LL/A,1499.0,1599.0,6.25%,5.0,11.0,False,iPad
Apple - 13-inch iPad Air M2 chip Built for Apple Intelligence Wi-Fi + Cellular 256GB - Space Gray (Unlocked),https://www.bestbuy.com/site/apple-13-inch-ipad-air-m2-chip-built-for-apple-intelligence-wi-fi-cellular-256gb-space-gray-unlocked/6533647.p?skuId=6533647,https://pisces.bbystatic.com/image2/BestBuy_US/images/products/6533/6533647cv11d.jpg;maxHeight=200;maxWidth=275;format=webp,6533647.0,MV6V3LL/A,999.0,1049.0,4.77%,5.0,3.0,False,iPad
Apple - 11-inch iPad Pro M4 chip Built for Apple Intelligence  Wi-Fi + Cellular 256GB with OLED - Space Black (Verizon),https://www.bestbuy.com/site/apple-11-inch-ipad-pro-m4-chip-built-for-apple-intelligence-wi-fi-cellular-256gb-with-oled-space-black-verizon/6340835.p?skuId=6340835,https://pisces.bbystatic.com/image2/BestBuy_US/images/products/6340/6340835_bd.jpg;maxHeight=200;maxWidth=200;format=webp,6340835.0,MVW13LL/A,29.0,,,5.0,1.0,False,iPad
Apple - 12.9-Inch iPad Pro (6th Generation) M2 chip Wi-Fi - 2TB - Space Gray,https://www.bestbuy.com/site/apple-12-9-inch-ipad-pro-6th-generation-m2-chip-wi-fi-2tb-space-gray/5499700.p?skuId=5499700,https://pisces.bbystatic.com/image2/BestBuy_US/images/products/5499/5499700_sd.jpg;maxHeight=200;maxWidth=265;format=webp,5499700.0,MNXY3LL/A,1499.0,2199.0,31.83%,4.9,47.0,False,iPad
Apple - 13-inch iPad Pro M4 chip Built for Apple Intelligence  Wi-Fi + Cellular 512GB with OLED - Space Black (Unlocked),https://www.bestbuy.com/site/apple-13-inch-ipad-pro-m4-chip-built-for-apple-intelligence-wi-fi-cellular-512gb-with-oled-space-black-unlocked/6533682.p?skuId=6533682,https://pisces.bbystatic.com/image2/BestBuy_US/images/products/6533/6533682cv11d.jpg;maxHeight=200;maxWidth=273;format=webp,6533682.0,MVXU3LL/A,1599.0,1699.0,5.89%,5.0,23.0,False,iPad
Apple - 11-inch iPad Pro M4 chip Built for Apple Intelligence  Wi-Fi + Cellular 512GB with OLED - Space Black (Unlocked),https://www.bestbuy.com/site/apple-11-inch-ipad-pro-m4-chip-built-for-apple-intelligence-wi-fi-cellular-512gb-with-oled-space-black-unlocked/6340503.p?skuId=6340503,https://pisces.bbystatic.com/image2/BestBuy_US/images/products/6340/6340503cv11d.jpg;maxHeight=200;maxWidth=262;format=webp,6340503.0,MVW33LL/A,1299.0,1399.0,7.15%,5.0,13.0,False,iPad
Apple - 13-inch iPad Pro M4 chip Built for Apple Intelligence Wi-Fi + Cellular 256GB with OLED - Space Black (AT&T),https://www.bestbuy.com/site/apple-13-inch-ipad-pro-m4-chip-built-for-apple-intelligence-wi-fi-cellular-256gb-with-oled-space-black-at-t/6533819.p?skuId=6533819,https://pisces.bbystatic.com/image2/BestBuy_US/images/products/6533/6533819_bd.jpg;maxHeight=200;maxWidth=200;format=webp,6533819.0,MVXR3LL/A,41.0,,,4.7,6.0,False,iPad
Apple - 13-inch iPad Air M2 chip Built for Apple Intelligence Wi-Fi + Cellular 128GB - Space Gray (Verizon),https://www.bestbuy.com/site/apple-13-inch-ipad-air-m2-chip-built-for-apple-intelligence-wi-fi-cellular-128gb-space-gray-verizon/6533712.p?skuId=6533712,https://pisces.bbystatic.com/image2/BestBuy_US/images/products/6533/6533712_bd.jpg;maxHeight=200;maxWidth=200;format=webp,6533712.0,MV6Q3LL/A,22.0,,,5.0,1.0,False,iPad
Apple - 13-inch iPad Air M2 chip Built for Apple Intelligence Wi-Fi 1TB - Space Gray,https://www.bestbuy.com/site/apple-13-inch-ipad-air-m2-chip-built-for-apple-intelligence-wi-fi-1tb-space-gray/6533580.p?skuId=6533580,https://pisces.bbystatic.com/image2/BestBuy_US/images/products/6533/6533580cv11d.jpg;maxHeight=200;maxWidth=274;format=webp,6533580.0,MV2P3LL/A,1249.0,1299.0,3.85%,4.7,3.0,False,iPad
Apple - 13-inch iPad Pro M4 chip Built for Apple Intelligence  Wi-Fi + Cellular 1TB with OLED - Space Black (Unlocked),https://www.bestbuy.com/site/apple-13-inch-ipad-pro-m4-chip-built-for-apple-intelligence-wi-fi-cellular-1tb-with-oled-space-black-unlocked/6533672.p?skuId=6533672,https://pisces.bbystatic.com/image2/BestBuy_US/images/products/6533/6533672cv11d.jpg;maxHeight=200;maxWidth=273;format=webp,6533672.0,MVXW3LL/A,1999.0,2099.0,4.76%,4.9,10.0,False,iPad
Apple - 13-inch iPad Pro M4 chip Built for Apple Intelligence Wi-Fi 2TB with OLED Nano Texture Glass - Space Black,https://www.bestbuy.com/site/apple-13-inch-ipad-pro-m4-chip-built-for-apple-intelligence-wi-fi-2tb-with-oled-nano-texture-glass-space-black/6533610.p?skuId=6533610,https://pisces.bbystatic.com/image2/BestBuy_US/images/products/6533/6533610cv11d.jpg;maxHeight=200;maxWidth=273;format=webp,6533610.0,MWRH3LL/A,2299.0,2399.0,4.17%,4.5,12.0,False,iPad
Apple - 11-Inch iPad Pro (4th Generation) M2 chip Wi-Fi - 1TB - Space Gray,https://www.bestbuy.com/site/apple-11-inch-ipad-pro-4th-generation-m2-chip-wi-fi-1tb-space-gray/5498900.p?skuId=5498900,https://pisces.bbystatic.com/image2/BestBuy_US/images/products/5498/5498900_sd.jpg;maxHeight=200;maxWidth=265;format=webp,5498900.0,MNXK3LL/A,999.0,1499.0,33.36%,4.8,56.0,False,iPad
Apple - 13-inch iPad Air M2 chip Built for Apple Intelligence Wi-Fi + Cellular 128GB - Space Gray (Unlocked),https://www.bestbuy.com/site/apple-13-inch-ipad-air-m2-chip-built-for-apple-intelligence-wi-fi-cellular-128gb-space-gray-unlocked/6533636.p?skuId=6533636,https://pisces.bbystatic.com/image2/BestBuy_US/images/products/6533/6533636cv11d.jpg;maxHeight=200;maxWidth=275;format=webp,6533636.0,MV6Q3LL/A,899.0,949.0,5.27%,5.0,2.0,False,iPad
Apple - 13-inch iPad Pro M4 chip Built for Apple Intelligence  Wi-Fi 1TB with OLED - Space Black,https://www.bestbuy.com/site/apple-13-inch-ipad-pro-m4-chip-built-for-apple-intelligence-wi-fi-1tb-with-oled-space-black/6533545.p?skuId=6533545,https://pisces.bbystatic.com/image2/BestBuy_US/images/products/6533/6533545cv11d.jpg;maxHeight=200;maxWidth=273;format=webp,6533545.0,MVX63LL/A,1799.0,1899.0,5.27%,4.7,44.0,False,iPad
Apple - 13-inch iPad Air M2 chip Built for Apple Intelligence Wi-Fi 256GB - Space Gray,https://www.bestbuy.com/site/apple-13-inch-ipad-air-m2-chip-built-for-apple-intelligence-wi-fi-256gb-space-gray/6533585.p?skuId=6533585,https://pisces.bbystatic.com/image2/BestBuy_US/images/products/6533/6533585cv11d.jpg;maxHeight=200;maxWidth=274;format=webp,6533585.0,MV2D3LL/A,849.0,899.0,5.56%,4.9,119.0,False,iPad
Apple - 13-inch iPad Pro M4 chip Built for Apple Intelligence Wi-Fi + Cellular 256GB with OLED - Space Black (Unlocked),https://www.bestbuy.com/site/apple-13-inch-ipad-pro-m4-chip-built-for-apple-intelligence-wi-fi-cellular-256gb-with-oled-space-black-unlocked/6533675.p?skuId=6533675,https://pisces.bbystatic.com/image2/BestBuy_US/images/products/6533/6533675cv11d.jpg;maxHeight=200;maxWidth=273;format=webp,6533675.0,MVXR3LL/A,1399.0,1499.0,6.67%,4.9,39.0,False,iPad
Apple - iPad mini (6th Generation) Wi-Fi + Cellular - 64GB - Space Gray (Unlocked),https://www.bestbuy.com/site/apple-ipad-mini-6th-generation-wi-fi-cellular-64gb-space-gray-unlocked/6340482.p?skuId=6340482,https://pisces.bbystatic.com/image2/BestBuy_US/images/products/6340/6340482_sd.jpg;maxHeight=200;maxWidth=240;format=webp,6340482.0,MK893LL/A,549.0,649.0,15.41%,4.8,337.0,False,iPad
Apple - 12.9-Inch iPad Pro  (6th Generation) M2 chip Wi-Fi + Cellular - 2TB - Silver (Unlocked),https://www.bestbuy.com/site/apple-12-9-inch-ipad-pro-6th-generation-m2-chip-wi-fi-cellular-2tb-silver-unlocked/5503900.p?skuId=5503900,https://pisces.bbystatic.com/image2/BestBuy_US/images/products/5503/5503900_sd.jpg;maxHeight=200;maxWidth=274;format=webp,5503900.0,MP673LL/A,1399.0,2399.0,41.68%,4.6,23.0,False,iPad
Apple - 12.9-Inch iPad Pro with Wi-Fi + Cellular - 512GB - Silver (Unlocked),https://www.bestbuy.com/site/apple-12-9-inch-ipad-pro-with-wi-fi-cellular-512gb-silver-unlocked/6340534.p?skuId=6340534,https://pisces.bbystatic.com/image2/BestBuy_US/images/products/6340/6340534_sd.jpg;maxHeight=200;maxWidth=274;format=webp,6340534.0,MP633LL/A,1099.0,1599.0,31.27%,4.8,72.0,False,iPad
Apple - 10.9-Inch iPad Air (5th Generation) M1 chip  Wi-Fi + Cellular - 64GB - Pink (Unlocked),https://www.bestbuy.com/site/apple-10-9-inch-ipad-air-5th-generation-m1-chip-wi-fi-cellular-64gb-pink-unlocked/6340492.p?skuId=6340492,https://pisces.bbystatic.com/image2/BestBuy_US/images/products/6340/6340492_rd.jpg;maxHeight=200;maxWidth=265;format=webp,6340492.0,MM6T3LL/A,749.0,,,4.8,220.0,False,iPad
Apple - 11-Inch iPad Pro  (4th Generation) M2 chip Wi-Fi + Cellular - 1TB - Silver (Unlocked),https://www.bestbuy.com/site/apple-11-inch-ipad-pro-4th-generation-m2-chip-wi-fi-cellular-1tb-silver-unlocked/6340524.p?skuId=6340524,https://pisces.bbystatic.com/image2/BestBuy_US/images/products/6340/6340524_sd.jpg;maxHeight=200;maxWidth=265;format=webp,6340524.0,MP5F3LL/A,1099.0,1699.0,35.31%,4.9,11.0,False,iPad
Apple - 11-inch iPad Air M2 chip Built for Apple Intelligence Wi-Fi + Cellular 128GB - Space Gray (Unlocked),https://www.bestbuy.com/site/apple-11-inch-ipad-air-m2-chip-built-for-apple-intelligence-wi-fi-cellular-128gb-space-gray-unlocked/6533617.p?skuId=6533617,https://pisces.bbystatic.com/image2/BestBuy_US/images/products/6533/6533617cv11d.jpg;maxHeight=200;maxWidth=200;format=webp,6533617.0,MUXD3LL/A,699.0,749.0,6.68%,5.0,8.0,False,iPad
Apple - 10.9-Inch iPad - Latest Model - (10th Generation) with Wi-Fi + Cellular - 64GB - Blue (AT&T),https://www.bestbuy.com/site/apple-10-9-inch-ipad-latest-model-10th-generation-with-wi-fi-cellular-64gb-blue-at-t/6340564.p?skuId=6340564,https://pisces.bbystatic.com/image2/BestBuy_US/images/products/6340/6340564_sd.jpg;maxHeight=200;maxWidth=265;format=webp,6340564.0,MQ6K3LL/A,13.0,,,4.8,25.0,False,iPad
Apple - 10.9-Inch iPad - Latest Model - (10th Generation) with Wi-Fi + Cellular - 256GB - Silver (AT&T),https://www.bestbuy.com/site/apple-10-9-inch-ipad-latest-model-10th-generation-with-wi-fi-cellular-256gb-silver-at-t/6340575.p?skuId=6340575,https://pisces.bbystatic.com/image2/BestBuy_US/images/products/6340/6340575_sd.jpg;maxHeight=200;maxWidth=265;format=webp,6340575.0,MQ6T3LL/A,18.0,,,5.0,12.0,False,iPad
Apple - 10.9-Inch iPad - Latest Model - (10th Generation) with Wi-Fi + Cellular - 64GB - Blue (Verizon),https://www.bestbuy.com/site/apple-10-9-inch-ipad-latest-model-10th-generation-with-wi-fi-cellular-64gb-blue-verizon/6340804.p?skuId=6340804,https://pisces.bbystatic.com/image2/BestBuy_US/images/products/6340/6340804_sd.jpg;maxHeight=200;maxWidth=265;format=webp,6340804.0,MQ6K3LL/A,9.0,,,4.9,33.0,False,iPad
Apple - 10.9-Inch iPad - Latest Model - (10th Generation) with Wi-Fi + Cellular - 256GB - Blue (Verizon),https://www.bestbuy.com/site/apple-10-9-inch-ipad-latest-model-10th-generation-with-wi-fi-cellular-256gb-blue-verizon/6340825.p?skuId=6340825,https://pisces.bbystatic.com/image2/BestBuy_US/images/products/6340/6340825_sd.jpg;maxHeight=200;maxWidth=265;format=webp,6340825.0,MQ6U3LL/A,13.0,,,5.0,12.0,False,iPad
Apple - 10.9-Inch iPad Air - Latest Model - (5th Generation) with Wi-Fi + Cellular - 64GB (Verizon) - Pink,https://www.bestbuy.com/site/apple-10-9-inch-ipad-air-latest-model-5th-generation-with-wi-fi-cellular-64gb-verizon-pink/6340855.p?skuId=6340855,https://pisces.bbystatic.com/image2/BestBuy_US/images/products/6340/6340855_rd.jpg;maxHeight=200;maxWidth=265;format=webp,6340855.0,MM6T3LL/A,16.0,,,4.9,22.0,False,iPad
Apple - iPhone 13 5G 128GB (Unlocked) - Starlight,https://www.bestbuy.com/site/apple-iphone-13-5g-128gb-unlocked-starlight/6417789.p?skuId=6417789,https://pisces.bbystatic.com/image2/BestBuy_US/images/products/6417/6417789_sd.jpg;maxHeight=200;maxWidth=221;format=webp,6417789.0,MMM73LL/A,549.0,629.0,12.72%,4.8,1383.0,False,iPhone
Apple - iPhone 15 128GB (Unlocked) - Black,https://www.bestbuy.com/site/apple-iphone-15-128gb-unlocked-black/6507478.p?skuId=6507478,https://pisces.bbystatic.com/image2/BestBuy_US/images/products/6525/6525381_sd.jpg;maxHeight=200;maxWidth=228;format=webp,6507478.0,MTPJ3LL/A,729.0,,,5.0,1.0,False,iPhone
Apple - iPhone 14 Plus 128GB (Unlocked) - Midnight,https://www.bestbuy.com/site/apple-iphone-14-plus-128gb-unlocked-midnight/6507549.p?skuId=6507549,https://pisces.bbystatic.com/image2/BestBuy_US/images/products/6507/6507549_sd.jpg;maxHeight=200;maxWidth=220;format=webp,6507549.0,MQ623LL/A,679.0,729.0,6.86%,4.8,440.0,False,iPhone
Apple - iPhone 15 Plus 128GB (Unlocked) - Yellow,https://www.bestbuy.com/site/apple-iphone-15-plus-128gb-unlocked-yellow/6507475.p?skuId=6507475,https://pisces.bbystatic.com/image2/BestBuy_US/images/products/6507/6507475_sd.jpg;maxHeight=200;maxWidth=224;format=webp,6507475.0,MU1V3LL/A,829.0,,,0.0,0.0,False,iPhone
Apple - iPhone 15 256GB (Unlocked) - Black,https://www.bestbuy.com/site/apple-iphone-15-256gb-unlocked-black/6507496.p?skuId=6507496,https://pisces.bbystatic.com/image2/BestBuy_US/images/products/6417/6417995_sd.jpg;maxHeight=200;maxWidth=228;format=webp,6507496.0,MTPP3LL/A,829.0,,,0.0,0.0,False,iPhone
Apple - iPhone SE (3rd Generation) 64GB (Unlocked) - Black,https://www.bestbuy.com/site/apple-iphone-se-3rd-generation-64gb-unlocked-black/6507470.p?skuId=6507470,https://pisces.bbystatic.com/image2/BestBuy_US/images/products/6507/6507470_sd.jpg;maxHeight=200;maxWidth=204;format=webp,6507470.0,MMY23LL/A,429.0,,,4.5,177.0,False,iPhone
Apple - iPhone 14 128GB (Unlocked) - Blue,https://www.bestbuy.com/site/apple-iphone-14-128gb-unlocked-blue/6507560.p?skuId=6507560,https://pisces.bbystatic.com/image2/BestBuy_US/images/products/6507/6507560_sd.jpg;maxHeight=200;maxWidth=227;format=webp,6507560.0,MPVR3LL/A,629.0,,,4.8,758.0,False,iPhone
Apple - iPhone 16 Pro Max 256GB - Apple Intelligence - Desert Titanium (Verizon),https://www.bestbuy.com/site/apple-iphone-16-pro-max-256gb-apple-intelligence-desert-titanium-verizon/6443374.p?skuId=6443374,https://pisces.bbystatic.com/image2/BestBuy_US/images/products/c379ba4c-68af-4410-95ba-c739979192f7.jpg;maxHeight=200;maxWidth=239;format=webp,6443374.0,MYW53LL/A,33.0,,,4.1,20.0,False,iPhone
Apple - iPhone 14 256GB (Unlocked) - Midnight,https://www.bestbuy.com/site/apple-iphone-14-256gb-unlocked-midnight/6507491.p?skuId=6507491,https://pisces.bbystatic.com/image2/BestBuy_US/images/products/6507/6507491_sd.jpg;maxHeight=200;maxWidth=227;format=webp,6507491.0,MPW03LL/A,729.0,829.0,12.06%,4.7,16.0,False,iPhone
Apple - iPhone 16 Pro Max 512GB - Apple Intelligence - Desert Titanium (Verizon),https://www.bestbuy.com/site/apple-iphone-16-pro-max-512gb-apple-intelligence-desert-titanium-verizon/6443379.p?skuId=6443379,https://pisces.bbystatic.com/image2/BestBuy_US/images/products/c379ba4c-68af-4410-95ba-c739979192f7.jpg;maxHeight=200;maxWidth=239;format=webp,6443379.0,MYW93LL/A,38.0,,,3.8,4.0,False,iPhone
Apple - iPhone 16 Pro 256GB - Apple Intelligence - Black Titanium (AT&T),https://www.bestbuy.com/site/apple-iphone-16-pro-256gb-apple-intelligence-black-titanium-at-t/6443470.p?skuId=6443470,https://pisces.bbystatic.com/image2/BestBuy_US/images/products/74ac07a0-2f0e-4c33-8a32-654c4b2b6209.jpg;maxHeight=200;maxWidth=242;format=webp,6443470.0,MYMG3LL/A,30.0,,,4.2,10.0,False,iPhone
Apple - iPhone 16 Pro Max 256GB - Apple Intelligence - Black Titanium (AT&T),https://www.bestbuy.com/site/apple-iphone-16-pro-max-256gb-apple-intelligence-black-titanium-at-t/6443483.p?skuId=6443483,https://pisces.bbystatic.com/image2/BestBuy_US/images/products/019cf921-6f51-46bf-8f61-b43b08c2b6da.jpg;maxHeight=200;maxWidth=239;format=webp,6443483.0,MYW33LL/A,33.0,,,4.3,26.0,False,iPhone
Apple - iPhone 16 128GB - Apple Intelligence - Ultramarine (AT&T),https://www.bestbuy.com/site/apple-iphone-16-128gb-apple-intelligence-ultramarine-at-t/6418001.p?skuId=6418001,https://pisces.bbystatic.com/image2/BestBuy_US/images/products/82778174-a6d4-4cb0-aae9-d5d064a2c4fd.jpg;maxHeight=200;maxWidth=245;format=webp,6418001.0,MYAT3LL/A,23.0,,,5.0,2.0,False,iPhone
Apple - iPhone 15 Pro Max 256GB - Black Titanium (Verizon),https://www.bestbuy.com/site/apple-iphone-15-pro-max-256gb-black-titanium-verizon/6525489.p?skuId=6525489,https://pisces.bbystatic.com/image2/BestBuy_US/images/products/6525/6525489_sd.jpg;maxHeight=200;maxWidth=242;format=webp,6525489.0,MU663LL/A,30.0,,,4.7,761.0,False,iPhone
Apple - iPhone 15 Pro Max 256GB - Natural Titanium (AT&T),https://www.bestbuy.com/site/apple-iphone-15-pro-max-256gb-natural-titanium-at-t/6525423.p?skuId=6525423,https://pisces.bbystatic.com/image2/BestBuy_US/images/products/6525/6525423_sd.jpg;maxHeight=200;maxWidth=242;format=webp,6525423.0,MU683LL/A,30.0,,,4.8,832.0,False,iPhone
Apple - iPhone 15 128GB - Black (Verizon),https://www.bestbuy.com/site/apple-iphone-15-128gb-black-verizon/6418070.p?skuId=6418070,https://pisces.bbystatic.com/image2/BestBuy_US/images/products/6418/6418070_sd.jpg;maxHeight=200;maxWidth=228;format=webp,6418070.0,MTLV3LL/A,20.0,,,4.8,163.0,False,iPhone
Apple - iPhone 15 Pro 128GB - Natural Titanium (Verizon),https://www.bestbuy.com/site/apple-iphone-15-pro-128gb-natural-titanium-verizon/6525473.p?skuId=6525473,https://pisces.bbystatic.com/image2/BestBuy_US/images/products/6525/6525473_sd.jpg;maxHeight=200;maxWidth=244;format=webp,6525473.0,MTQP3LL/A,24.0,,,4.7,211.0,False,iPhone
Apple - iPhone 15 Pro 256GB - Black Titanium (Verizon),https://www.bestbuy.com/site/apple-iphone-15-pro-256gb-black-titanium-verizon/6525476.p?skuId=6525476,https://pisces.bbystatic.com/image2/BestBuy_US/images/products/6525/6525476_sd.jpg;maxHeight=200;maxWidth=244;format=webp,6525476.0,MTQR3LL/A,27.0,,,4.7,232.0,False,iPhone
Apple - iPhone 16 Plus 128GB - Apple Intelligence - Ultramarine (Verizon),https://www.bestbuy.com/site/apple-iphone-16-plus-128gb-apple-intelligence-ultramarine-verizon/6525512.p?skuId=6525512,https://pisces.bbystatic.com/image2/BestBuy_US/images/products/44cfce47-d8ba-4d27-ac2f-cc80c05748be.jpg;maxHeight=200;maxWidth=242;format=webp,6525512.0,MXUW3LL/A,25.0,,,0.0,0.0,False,iPhone
Apple - iPhone 16 Pro 1TB - Apple Intelligence - Black Titanium (Verizon),https://www.bestbuy.com/site/apple-iphone-16-pro-1tb-apple-intelligence-black-titanium-verizon/6443368.p?skuId=6443368,https://pisces.bbystatic.com/image2/BestBuy_US/images/products/74ac07a0-2f0e-4c33-8a32-654c4b2b6209.jpg;maxHeight=200;maxWidth=242;format=webp,6443368.0,MYMQ3LL/A,41.0,,,0.0,0.0,False,iPhone
Apple - iPhone 15 Pro 128GB - Natural Titanium (AT&T),https://www.bestbuy.com/site/apple-iphone-15-pro-128gb-natural-titanium-at-t/6525406.p?skuId=6525406,https://pisces.bbystatic.com/image2/BestBuy_US/images/products/6525/6525406_sd.jpg;maxHeight=200;maxWidth=244;format=webp,6525406.0,MTQP3LL/A,25.0,,,4.7,219.0,False,iPhone
Apple - iPhone 15 Pro 1TB - Black Titanium (Verizon),https://www.bestbuy.com/site/apple-iphone-15-pro-1tb-black-titanium-verizon/6525485.p?skuId=6525485,https://pisces.bbystatic.com/image2/BestBuy_US/images/products/6525/6525485_sd.jpg;maxHeight=200;maxWidth=244;format=webp,6525485.0,MTU13LL/A,38.0,,,4.4,15.0,False,iPhone
Apple - iPhone 15 Pro Max 512GB - Natural Titanium (Verizon),https://www.bestbuy.com/site/apple-iphone-15-pro-max-512gb-natural-titanium-verizon/6525496.p?skuId=6525496,https://pisces.bbystatic.com/image2/BestBuy_US/images/products/6525/6525496_sd.jpg;maxHeight=200;maxWidth=242;format=webp,6525496.0,MU6D3LL/A,36.0,,,4.8,189.0,False,iPhone
Apple - iPhone 15 Pro 256GB - Natural Titanium (AT&T),https://www.bestbuy.com/site/apple-iphone-15-pro-256gb-natural-titanium-at-t/6525410.p?skuId=6525410,https://pisces.bbystatic.com/image2/BestBuy_US/images/products/6525/6525410_sd.jpg;maxHeight=200;maxWidth=244;format=webp,6525410.0,MTQU3LL/A,27.0,,,4.7,268.0,False,iPhone
Apple - iPhone 15 Pro Max 512GB - Black Titanium (AT&T),https://www.bestbuy.com/site/apple-iphone-15-pro-max-512gb-black-titanium-at-t/6525425.p?skuId=6525425,https://pisces.bbystatic.com/image2/BestBuy_US/images/products/6525/6525425_sd.jpg;maxHeight=200;maxWidth=242;format=webp,6525425.0,MU6A3LL/A,36.0,,,4.7,217.0,False,iPhone
Apple - iPhone 15 256GB - Black (Verizon),https://www.bestbuy.com/site/apple-iphone-15-256gb-black-verizon/6418075.p?skuId=6418075,https://pisces.bbystatic.com/image2/BestBuy_US/images/products/6418/6418075_sd.jpg;maxHeight=200;maxWidth=228;format=webp,6418075.0,MTM43LL/A,23.0,,,4.7,34.0,False,iPhone
Apple - iPhone 15 512GB - Black (Verizon),https://www.bestbuy.com/site/apple-iphone-15-512gb-black-verizon/6525449.p?skuId=6525449,https://pisces.bbystatic.com/image2/BestBuy_US/images/products/6525/6525449_sd.jpg;maxHeight=200;maxWidth=228;format=webp,6525449.0,MTM93LL/A,28.0,,,4.7,3.0,False,iPhone
Apple - iPhone 16 512GB - Apple Intelligence - Pink (Verizon),https://www.bestbuy.com/site/apple-iphone-16-512gb-apple-intelligence-pink-verizon/6525505.p?skuId=6525505,https://pisces.bbystatic.com/image2/BestBuy_US/images/products/9f14622e-8828-4e29-bf51-2471be737b38.jpg;maxHeight=200;maxWidth=245;format=webp,6525505.0,MYD53LL/A,31.0,,,0.0,0.0,False,iPhone
Apple - iPhone 15 256GB - Green (AT&T),https://www.bestbuy.com/site/apple-iphone-15-256gb-green-at-t/6418016.p?skuId=6418016,https://pisces.bbystatic.com/image2/BestBuy_US/images/products/6418/6418016_sd.jpg;maxHeight=200;maxWidth=228;format=webp,6418016.0,MTM83LL/A,23.0,,,4.9,40.0,False,iPhone
Apple - iPhone 15 Plus 256GB - Green (Verizon),https://www.bestbuy.com/site/apple-iphone-15-plus-256gb-green-verizon/6525464.p?skuId=6525464,https://pisces.bbystatic.com/image2/BestBuy_US/images/products/6525/6525464_sd.jpg;maxHeight=200;maxWidth=224;format=webp,6525464.0,MU023LL/A,25.0,,,5.0,23.0,False,iPhone
Apple - iPhone 16 512GB - Apple Intelligence - Pink (AT&T),https://www.bestbuy.com/site/apple-iphone-16-512gb-apple-intelligence-pink-at-t/6525436.p?skuId=6525436,https://pisces.bbystatic.com/image2/BestBuy_US/images/products/9f14622e-8828-4e29-bf51-2471be737b38.jpg;maxHeight=200;maxWidth=245;format=webp,6525436.0,MYD53LL/A,31.0,,,0.0,0.0,False,iPhone
Apple - iPhone 15 512GB - Black (AT&T),https://www.bestbuy.com/site/apple-iphone-15-512gb-black-at-t/6525381.p?skuId=6525381,https://pisces.bbystatic.com/image2/BestBuy_US/images/products/6525/6525381_sd.jpg;maxHeight=200;maxWidth=228;format=webp,6525381.0,MTM93LL/A,28.0,,,4.7,3.0,False,iPhone
Apple - iPhone 15 Plus 512GB - Yellow (Verizon),https://www.bestbuy.com/site/apple-iphone-15-plus-512gb-yellow-verizon/6525468.p?skuId=6525468,https://pisces.bbystatic.com/image2/BestBuy_US/images/products/6525/6525468_sd.jpg;maxHeight=200;maxWidth=224;format=webp,6525468.0,MU053LL/A,31.0,,,5.0,2.0,False,iPhone
Apple - iPhone 14 Plus 128GB - Yellow (Verizon),https://www.bestbuy.com/site/apple-iphone-14-plus-128gb-yellow-verizon/6418065.p?skuId=6418065,https://pisces.bbystatic.com/image2/BestBuy_US/images/products/6418/6418065_sd.jpg;maxHeight=200;maxWidth=220;format=webp,6418065.0,MR5N3LL/A,20.0,,,4.9,138.0,False,iPhone
Apple - iPhone 15 Plus 256GB - Green (AT&T),https://www.bestbuy.com/site/apple-iphone-15-plus-256gb-green-at-t/6525396.p?skuId=6525396,https://pisces.bbystatic.com/image2/BestBuy_US/images/products/6525/6525396_sd.jpg;maxHeight=200;maxWidth=224;format=webp,6525396.0,MU023LL/A,25.0,,,4.8,46.0,False,iPhone
Apple - Pre-Owned iPhone 11 64GB (Unlocked) - Black,https://www.bestbuy.com/site/apple-pre-owned-iphone-11-64gb-unlocked-black/6510048.p?skuId=6510048,https://pisces.bbystatic.com/image2/BestBuy_US/images/products/6510/6510048_sd.jpg;maxHeight=200;maxWidth=210;format=webp,6510048.0,A2111,299.0,,,4.4,740.0,False,iPhone
Apple - Pre-Owned iPhone 12 5G 64GB (Unlocked) - Black,https://www.bestbuy.com/site/apple-pre-owned-iphone-12-5g-64gb-unlocked-black/6530509.p?skuId=6530509,https://pisces.bbystatic.com/image2/BestBuy_US/images/products/6530/6530509_sd.jpg;maxHeight=200;maxWidth=221;format=webp,6530509.0,A2172,379.0,,,4.3,435.0,False,iPhone
Apple - Pre-Owned iPhone 15 Pro Max 5G 256GB (Unlocked) - Black Titanium,https://www.bestbuy.com/site/apple-pre-owned-iphone-15-pro-max-5g-256gb-unlocked-black-titanium/6586591.p?skuId=6586591,https://pisces.bbystatic.com/image2/BestBuy_US/images/products/6586/6586591_sd.jpg;maxHeight=200;maxWidth=244;format=webp,6586591.0,A2849,1129.0,1149.0,1.74%,4.3,35.0,False,iPhone
Apple - Pre-Owned iPhone 13 Pro Max 5G 128GB (Unlocked) - Graphite,https://www.bestbuy.com/site/apple-pre-owned-iphone-13-pro-max-5g-128gb-unlocked-graphite/6563055.p?skuId=6563055,https://pisces.bbystatic.com/image2/BestBuy_US/images/products/6563/6563055_sd.jpg;maxHeight=200;maxWidth=236;format=webp,6563055.0,A2484,779.0,799.0,2.50%,4.5,173.0,False,iPhone
Apple - Pre-Owned iPhone 12 Pro 5G 128GB (Unlocked) - Graphite,https://www.bestbuy.com/site/apple-pre-owned-iphone-12-pro-5g-128gb-unlocked-graphite/6554880.p?skuId=6554880,https://pisces.bbystatic.com/image2/BestBuy_US/images/products/6554/6554880_sd.jpg;maxHeight=200;maxWidth=220;format=webp,6554880.0,A2341 GRY,499.0,,,4.3,194.0,False,iPhone
Apple - Pre-Owned iPhone SE (2020) 64GB (Unlocked) - Red,https://www.bestbuy.com/site/apple-pre-owned-iphone-se-2020-64gb-unlocked-red/6561418.p?skuId=6561418,https://pisces.bbystatic.com/image2/BestBuy_US/images/products/6561/6561418_sd.jpg;maxHeight=200;maxWidth=187;format=webp,6561418.0,A2275,189.0,,,4.3,635.0,False,iPhone
Apple - Pre-Owned iPhone XR 64GB (Unlocked) - Black,https://www.bestbuy.com/site/apple-pre-owned-iphone-xr-64gb-unlocked-black/6510040.p?skuId=6510040,https://pisces.bbystatic.com/image2/BestBuy_US/images/products/6510/6510040_sd.jpg;maxHeight=200;maxWidth=147;format=webp,6510040.0,XR-64GB-BLK,239.0,,,4.3,1522.0,False,iPhone
Apple - Pre-Owned iPhone 14 5G 128GB (Unlocked) - Midnight,https://www.bestbuy.com/site/apple-pre-owned-iphone-14-5g-128gb-unlocked-midnight/6583363.p?skuId=6583363,https://pisces.bbystatic.com/image2/BestBuy_US/images/products/6583/6583363_sd.jpg;maxHeight=200;maxWidth=227;format=webp,6583363.0,A2649,579.0,619.0,6.46%,4.5,42.0,False,iPhone
Apple - Pre-Owned iPhone 15 Pro 5G 128GB (Unlocked) - Black Titanium,https://www.bestbuy.com/site/apple-pre-owned-iphone-15-pro-5g-128gb-unlocked-black-titanium/6586592.p?skuId=6586592,https://pisces.bbystatic.com/image2/BestBuy_US/images/products/6586/6586592_sd.jpg;maxHeight=200;maxWidth=244;format=webp,6586592.0,A2848,929.0,,,4.7,13.0,False,iPhone
Apple - Pre-Owned iPhone 13 5G 128GB (Unlocked) - Midnight,https://www.bestbuy.com/site/apple-pre-owned-iphone-13-5g-128gb-unlocked-midnight/6580656.p?skuId=6580656,https://pisces.bbystatic.com/image2/BestBuy_US/images/products/6580/6580656_sd.jpg;maxHeight=200;maxWidth=221;format=webp,6580656.0,A2482,499.0,,,4.7,84.0,False,iPhone
Apple - Pre-Owned iPhone 11 Pro 64GB (Unlocked) - Gold,https://www.bestbuy.com/site/apple-pre-owned-iphone-11-pro-64gb-unlocked-gold/6502957.p?skuId=6502957,https://pisces.bbystatic.com/image2/BestBuy_US/images/products/6502/6502957_sd.jpg;maxHeight=200;maxWidth=210;format=webp,6502957.0,MWAQ2LL/A,299.0,319.0,6.27%,4.2,253.0,False,iPhone
Apple - Pre-Owned iPhone 14 Pro Max 5G 128GB (Unlocked) - Space Black,https://www.bestbuy.com/site/apple-pre-owned-iphone-14-pro-max-5g-128gb-unlocked-space-black/6562950.p?skuId=6562950,https://pisces.bbystatic.com/image2/BestBuy_US/images/products/6562/6562950_sd.jpg;maxHeight=200;maxWidth=245;format=webp,6562950.0,A2651,879.0,,,4.5,81.0,False,iPhone
Apple - Pre-Owned iPhone 15 5G 128GB (Unlocked) - Pink,https://www.bestbuy.com/site/apple-pre-owned-iphone-15-5g-128gb-unlocked-pink/6586121.p?skuId=6586121,https://pisces.bbystatic.com/image2/BestBuy_US/images/products/6586/6586121_sd.jpg;maxHeight=200;maxWidth=229;format=webp,6586121.0,A2846,659.0,679.0,2.95%,4.5,19.0,False,iPhone
Apple - Pre-Owned iPhone 14 Pro Max 5G 256GB (Unlocked) - Space Black,https://www.bestbuy.com/site/apple-pre-owned-iphone-14-pro-max-5g-256gb-unlocked-space-black/6580657.p?skuId=6580657,https://pisces.bbystatic.com/image2/BestBuy_US/images/products/6580/6580657_sd.jpg;maxHeight=200;maxWidth=245;format=webp,6580657.0,A2651,999.0,1029.0,2.92%,4.3,152.0,False,iPhone
Apple - Pre-Owned iPhone 12 Mini 5G 64GB (Unlocked) - Green,https://www.bestbuy.com/site/apple-pre-owned-iphone-12-mini-5g-64gb-unlocked-green/6516532.p?skuId=6516532,https://pisces.bbystatic.com/image2/BestBuy_US/images/products/6516/6516532_sd.jpg;maxHeight=200;maxWidth=187;format=webp,6516532.0,IPH-12M-64-GRN,269.0,289.0,6.92%,4.2,111.0,False,iPhone
Apple - Geek Squad Certified Refurbished iPhone 12 5G 64GB (Unlocked) - Black,https://www.bestbuy.com/site/apple-geek-squad-certified-refurbished-iphone-12-5g-64gb-unlocked-black/6563204.p?skuId=6563204,https://pisces.bbystatic.com/image2/BestBuy_US/images/products/6563/6563204_sd.jpg;maxHeight=200;maxWidth=221;format=webp,6563204.0,GSRF MGF43LL/A,289.0,629.0,54.05%,2.7,14.0,False,iPhone
Apple - Pre-Owned iPhone 15 Pro 5G 256GB (Unlocked) - Black Titanium,https://www.bestbuy.com/site/apple-pre-owned-iphone-15-pro-5g-256gb-unlocked-black-titanium/6586101.p?skuId=6586101,https://pisces.bbystatic.com/image2/BestBuy_US/images/products/6586/6586101_sd.jpg;maxHeight=200;maxWidth=244;format=webp,6586101.0,A2848,979.0,999.0,2.00%,1.0,2.0,False,iPhone
Apple - Pre-Owned iPhone 12 5G Pro Max 128GB (Unlocked) - Pacific Blue,https://www.bestbuy.com/site/apple-pre-owned-iphone-12-5g-pro-max-128gb-unlocked-pacific-blue/6583361.p?skuId=6583361,https://pisces.bbystatic.com/image2/BestBuy_US/images/products/6583/6583361_sd.jpg;maxHeight=200;maxWidth=221;format=webp,6583361.0,A2342,599.0,,,4.4,89.0,False,iPhone
"Apple - MacBook Air 13.6"" Laptop - M2 chip Built for Apple Intelligence - 8GB Memory - 256GB SSD - Midnight",https://www.bestbuy.com/site/apple-macbook-air-13-6-laptop-m2-chip-built-for-apple-intelligence-8gb-memory-256gb-ssd-midnight/6509650.p?skuId=6509650,https://pisces.bbystatic.com/image2/BestBuy_US/images/products/d021655e-3e56-4bb6-abc5-48c12361c56b.jpg;maxHeight=200;maxWidth=200;format=webp,6509650.0,MLY33LL/A,749.0,999.0,25.03%,4.9,11461.0,False,Macbook
"Apple - MacBook Pro 14"" Laptop - M3 chip Built for Apple Intelligence - 8GB Memory - 10-core GPU - 512GB SSD - Space Gray",https://www.bestbuy.com/site/apple-macbook-pro-14-laptop-m3-chip-built-for-apple-intelligence-8gb-memory-10-core-gpu-512gb-ssd-space-gray/6534641.p?skuId=6534641,https://pisces.bbystatic.com/image2/BestBuy_US/images/products/6534/6534641_sd.jpg;maxHeight=121;maxWidth=300;format=webp,6534641.0,MTL73LL/A,1299.0,1599.0,18.76%,4.8,733.0,False,Macbook
"Apple - MacBook Pro 16"" Laptop - M3 Max chip Built for Apple Intelligence - 48GB Memory - 40-core GPU - 1TB SSD - Space Black",https://www.bestbuy.com/site/apple-macbook-pro-16-laptop-m3-max-chip-built-for-apple-intelligence-48gb-memory-40-core-gpu-1tb-ssd-space-black/6534612.p?skuId=6534612,https://pisces.bbystatic.com/image2/BestBuy_US/images/products/6534/6534612_sd.jpg;maxHeight=122;maxWidth=300;format=webp,6534612.0,MUW63LL/A,3499.0,3999.0,12.50%,4.9,172.0,False,Macbook
"Apple - MacBook Pro 14"" Laptop - M3 Pro chip Built for Apple Intelligence - 18GB Memory - 14-core GPU - 512GB SSD - Space Black",https://www.bestbuy.com/site/apple-macbook-pro-14-laptop-m3-pro-chip-built-for-apple-intelligence-18gb-memory-14-core-gpu-512gb-ssd-space-black/6534615.p?skuId=6534615,https://pisces.bbystatic.com/image2/BestBuy_US/images/products/6534/6534615_sd.jpg;maxHeight=121;maxWidth=300;format=webp,6534615.0,MRX33LL/A,1999.0,,,4.9,2401.0,False,Macbook
Apple - MacBook Air 13-inch Laptop - M3 chip Built for Apple Intelligence - 8GB Memory -  256GB SSD - Starlight,https://www.bestbuy.com/site/apple-macbook-air-13-inch-laptop-m3-chip-built-for-apple-intelligence-8gb-memory-256gb-ssd-starlight/6565835.p?skuId=6565835,https://pisces.bbystatic.com/image2/BestBuy_US/images/products/6565/6565835_sd.jpg;maxHeight=121;maxWidth=300;format=webp,6565835.0,MRXT3LL/A,849.0,1099.0,22.75%,4.9,1069.0,False,Macbook
"Apple - MacBook Air 13.6"" Laptop - M2 chip Built for Apple Intelligence - 8GB Memory - 512GB SSD - Midnight",https://www.bestbuy.com/site/apple-macbook-air-13-6-laptop-m2-chip-built-for-apple-intelligence-8gb-memory-512gb-ssd-midnight/6509651.p?skuId=6509651,https://pisces.bbystatic.com/image2/BestBuy_US/images/products/d021655e-3e56-4bb6-abc5-48c12361c56b.jpg;maxHeight=200;maxWidth=200;format=webp,6509651.0,MLY43LL/A,949.0,1199.0,20.85%,4.9,2442.0,False,Macbook
"Apple - MacBook Pro 14"" Laptop - M3 chip Built for Apple Intelligence - 8GB Memory - 10-core GPU - 1TB SSD - Space Gray",https://www.bestbuy.com/site/apple-macbook-pro-14-laptop-m3-chip-built-for-apple-intelligence-8gb-memory-10-core-gpu-1tb-ssd-space-gray/6551411.p?skuId=6551411,https://pisces.bbystatic.com/image2/BestBuy_US/images/products/6551/6551411_sd.jpg;maxHeight=121;maxWidth=300;format=webp,6551411.0,MTL83LL/A,1499.0,1799.0,16.68%,4.8,145.0,False,Macbook
"Apple - MacBook Pro 16"" Laptop - M3 Max chip Built for Apple Intelligence - 36GB Memory - 30-core GPU - 1TB SSD - Space Black",https://www.bestbuy.com/site/apple-macbook-pro-16-laptop-m3-max-chip-built-for-apple-intelligence-36gb-memory-30-core-gpu-1tb-ssd-space-black/6534635.p?skuId=6534635,https://pisces.bbystatic.com/image2/BestBuy_US/images/products/6534/6534635_sd.jpg;maxHeight=122;maxWidth=300;format=webp,6534635.0,MRW33LL/A,2999.0,3499.0,14.29%,4.9,279.0,False,Macbook
Apple - MacBook Air 15-inch Laptop - M3 chip Built for Apple Intelligence - 8GB Memory - 256GB SSD - Midnight,https://www.bestbuy.com/site/apple-macbook-air-15-inch-laptop-m3-chip-built-for-apple-intelligence-8gb-memory-256gb-ssd-midnight/6565851.p?skuId=6565851,https://pisces.bbystatic.com/image2/BestBuy_US/images/products/6565/6565851_sd.jpg;maxHeight=121;maxWidth=300;format=webp,6565851.0,MRYU3LL/A,1044.0,1299.0,19.63%,4.9,480.0,False,Macbook
"Apple - MacBook Pro 16"" Laptop - M3 Pro chip Built for Apple Intelligence - 18GB Memory - 18-core GPU - 512GB SSD - Space Black",https://www.bestbuy.com/site/apple-macbook-pro-16-laptop-m3-pro-chip-built-for-apple-intelligence-18gb-memory-18-core-gpu-512gb-ssd-space-black/6534617.p?skuId=6534617,https://pisces.bbystatic.com/image2/BestBuy_US/images/products/6534/6534617_sd.jpg;maxHeight=122;maxWidth=300;format=webp,6534617.0,MRW13LL/A,2499.0,,,4.9,695.0,False,Macbook
Apple - MacBook Air 15-inch Laptop - M3 chip Built for Apple Intelligence - 16GB Memory - 512GB SSD - Midnight,https://www.bestbuy.com/site/apple-macbook-air-15-inch-laptop-m3-chip-built-for-apple-intelligence-16gb-memory-512gb-ssd-midnight/6565857.p?skuId=6565857,https://pisces.bbystatic.com/image2/BestBuy_US/images/products/6565/6565857_sd.jpg;maxHeight=121;maxWidth=300;format=webp,6565857.0,MXD43LL/A,1424.0,1699.0,16.19%,4.9,325.0,False,Macbook
Apple - MacBook Pro 14-inch Laptop M3 chip Built for Apple Intelligence - 16GB Memory - 1TB SSD - Space Gray,https://www.bestbuy.com/site/apple-macbook-pro-14-inch-laptop-m3-chip-built-for-apple-intelligence-16gb-memory-1tb-ssd-space-gray/6565897.p?skuId=6565897,https://pisces.bbystatic.com/image2/BestBuy_US/images/products/6565/6565897_sd.jpg;maxHeight=121;maxWidth=300;format=webp,6565897.0,MXE03LL/A,1699.0,1999.0,15.01%,4.9,35.0,False,Macbook
"Apple - MacBook Pro 14"" Laptop - M3 Pro chip Built for Apple Intelligence - 18GB Memory - 18-core GPU - 1TB SSD - Space Black",https://www.bestbuy.com/site/apple-macbook-pro-14-laptop-m3-pro-chip-built-for-apple-intelligence-18gb-memory-18-core-gpu-1tb-ssd-space-black/6534624.p?skuId=6534624,https://pisces.bbystatic.com/image2/BestBuy_US/images/products/6534/6534624_sd.jpg;maxHeight=121;maxWidth=300;format=webp,6534624.0,MRX43LL/A,2399.0,,,4.8,576.0,False,Macbook
"Apple - MacBook Air 15"" Laptop - M2 chip Built for Apple Intelligence - 8GB Memory - 512GB SSD - Midnight",https://www.bestbuy.com/site/apple-macbook-air-15-laptop-m2-chip-built-for-apple-intelligence-8gb-memory-512gb-ssd-midnight/6534605.p?skuId=6534605,https://pisces.bbystatic.com/image2/BestBuy_US/images/products/6534/6534605_sd.jpg;maxHeight=121;maxWidth=300;format=webp,6534605.0,MQKX3LL/A,1249.0,1499.0,16.68%,4.9,1687.0,False,Macbook
Apple - MacBook Air 13-inch Laptop - M3 chip Built for Apple Intelligence - 8GB Memory - 512GB SSD - Midnight,https://www.bestbuy.com/site/apple-macbook-air-13-inch-laptop-m3-chip-built-for-apple-intelligence-8gb-memory-512gb-ssd-midnight/6565838.p?skuId=6565838,https://pisces.bbystatic.com/image2/BestBuy_US/images/products/6565/6565838_sd.jpg;maxHeight=121;maxWidth=300;format=webp,6565838.0,MRXW3LL/A,1049.0,1299.0,19.25%,4.9,233.0,False,Macbook
Apple - MacBook Air 13-inch Laptop - M3 chip Built for Apple Intelligence - 16GB Memory - 512GB SSD - Starlight,https://www.bestbuy.com/site/apple-macbook-air-13-inch-laptop-m3-chip-built-for-apple-intelligence-16gb-memory-512gb-ssd-starlight/6565841.p?skuId=6565841,https://pisces.bbystatic.com/image2/BestBuy_US/images/products/6565/6565841_sd.jpg;maxHeight=121;maxWidth=300;format=webp,6565841.0,MXCU3LL/A,1249.0,1499.0,16.68%,4.9,482.0,False,Macbook
"Apple - MacBook Air 15"" Laptop - M2 chip Built for Apple Intelligence - 16GB Memory - 1TB SSD - Midnight",https://www.bestbuy.com/site/apple-macbook-air-15-laptop-m2-chip-built-for-apple-intelligence-16gb-memory-1tb-ssd-midnight/6382794.p?skuId=6382794,https://pisces.bbystatic.com/image2/BestBuy_US/images/products/6382/6382794_sd.jpg;maxHeight=121;maxWidth=300;format=webp,6382794.0,MQTM3LL/A,1649.0,1899.0,13.16%,4.9,635.0,False,Macbook
"Apple - MacBook Pro 14"" Laptop - M3 Max chip Built for Apple Intelligence - 36GB Memory - 30-core GPU - 1TB SSD - Space Black",https://www.bestbuy.com/site/apple-macbook-pro-14-laptop-m3-max-chip-built-for-apple-intelligence-36gb-memory-30-core-gpu-1tb-ssd-space-black/6534620.p?skuId=6534620,https://pisces.bbystatic.com/image2/BestBuy_US/images/products/6534/6534620_sd.jpg;maxHeight=121;maxWidth=300;format=webp,6534620.0,MRX53LL/A,3199.0,,,4.8,205.0,False,Macbook
"Apple - MacBook Air 15"" Laptop - M2 chip Built for Apple Intelligence - 8GB Memory - 256GB SSD - Starlight",https://www.bestbuy.com/site/apple-macbook-air-15-laptop-m2-chip-built-for-apple-intelligence-8gb-memory-256gb-ssd-starlight/6534600.p?skuId=6534600,https://pisces.bbystatic.com/image2/BestBuy_US/images/products/6534/6534600_sd.jpg;maxHeight=121;maxWidth=300;format=webp,6534600.0,MQKU3LL/A,1049.0,1299.0,19.25%,4.9,4366.0,False,Macbook
"Apple - MacBook Pro 16"" Laptop - M3 Pro chip Built for Apple Intelligence - 36GB Memory - 18-core GPU - 512GB SSD - Space Black",https://www.bestbuy.com/site/apple-macbook-pro-16-laptop-m3-pro-chip-built-for-apple-intelligence-36gb-memory-18-core-gpu-512gb-ssd-space-black/6534625.p?skuId=6534625,https://pisces.bbystatic.com/image2/BestBuy_US/images/products/6534/6534625_sd.jpg;maxHeight=122;maxWidth=300;format=webp,6534625.0,MRW23LL/A,2899.0,,,4.8,332.0,False,Macbook
Apple - MacBook Air 15-inch Laptop - M3 chip Built for Apple Intelligence - 8GB Memory - 512GB SSD - Midnight,https://www.bestbuy.com/site/apple-macbook-air-15-inch-laptop-m3-chip-built-for-apple-intelligence-8gb-memory-512gb-ssd-midnight/6565853.p?skuId=6565853,https://pisces.bbystatic.com/image2/BestBuy_US/images/products/6565/6565853_sd.jpg;maxHeight=121;maxWidth=300;format=webp,6565853.0,MRYV3LL/A,1234.0,1499.0,17.68%,4.8,142.0,False,Macbook
"Apple - MacBook Pro 13.3"" Laptop - M2 chip Built for Apple Intelligence - 8GB Memory - 512GB SSD - Silver",https://www.bestbuy.com/site/apple-macbook-pro-13-3-laptop-m2-chip-built-for-apple-intelligence-8gb-memory-512gb-ssd-silver/6509655.p?skuId=6509655,https://pisces.bbystatic.com/image2/BestBuy_US/images/products/6509/6509655_sd.jpg;maxHeight=116;maxWidth=300;format=webp,6509655.0,MNEQ3LL/A,1499.0,,,4.9,1364.0,False,Macbook
"Apple - Geek Squad Certified Refurbished MacBook Pro - 16"" Display- Intel Core i9- 16GB Memory- AMD Radeon Pro 5500M - 1TB SSD - Space Gray",https://www.bestbuy.com/site/apple-geek-squad-certified-refurbished-macbook-pro-16-display-intel-core-i9-16gb-memory-amd-radeon-pro-5500m-1tb-ssd-space-gray/6489617.p?skuId=6489617,https://pisces.bbystatic.com/image2/BestBuy_US/images/products/6489/6489617_sd.jpg;maxHeight=114;maxWidth=300;format=webp,6489617.0,GSRF MVVK2LL/A,899.0,2799.0,67.88%,3.8,47.0,False,Macbook
"Geek Squad Certified Refurbished MacBook Air 13.6"" Laptop - Apple M2 chip - 8GB Memory - 256GB SSD - Midnight",https://www.bestbuy.com/site/geek-squad-certified-refurbished-macbook-air-13-6-laptop-apple-m2-chip-8gb-memory-256gb-ssd-midnight/6550226.p?skuId=6550226,https://pisces.bbystatic.com/image2/BestBuy_US/images/products/6550/6550226_sd.jpg;maxHeight=121;maxWidth=300;format=webp,6550226.0,GSRF MLY33LL/A,674.0,1099.0,38.67%,4.4,62.0,False,Macbook
"Apple - Geek Squad Certified Refurbished MacBook Air 13.3"" Laptop - Intel Core i3 - 8GB Memory - 256GB Solid State Drive - Gold",https://www.bestbuy.com/site/apple-geek-squad-certified-refurbished-macbook-air-13-3-laptop-intel-core-i3-8gb-memory-256gb-solid-state-drive-gold/6489729.p?skuId=6489729,https://pisces.bbystatic.com/image2/BestBuy_US/images/products/6489/6489729_sd.jpg;maxHeight=115;maxWidth=300;format=webp,6489729.0,GSRF MWTL2LL/A,414.0,949.0,56.38%,4.4,114.0,False,Macbook
"Apple - Geek Squad Certified Refurbished MacBook Air 13.3"" Laptop - Intel Core i5 - 8GB Memory - 128GB Solid State Drive - Gold",https://www.bestbuy.com/site/apple-geek-squad-certified-refurbished-macbook-air-13-3-laptop-intel-core-i5-8gb-memory-128gb-solid-state-drive-gold/6490134.p?skuId=6490134,https://pisces.bbystatic.com/image2/BestBuy_US/images/products/6490/6490134_sd.jpg;maxHeight=127;maxWidth=300;format=webp,6490134.0,GSRF MVFM2LL/A,439.0,899.0,51.17%,4.2,85.0,False,Macbook
"Apple - Geek Squad Certified Refurbished MacBook Air 15"" Laptop - M2 chip - 8GB Memory - 256GB SSD - Midnight",https://www.bestbuy.com/site/apple-geek-squad-certified-refurbished-macbook-air-15-laptop-m2-chip-8gb-memory-256gb-ssd-midnight/6568686.p?skuId=6568686,https://pisces.bbystatic.com/image2/BestBuy_US/images/products/6534/6534606_sd.jpg;maxHeight=121;maxWidth=300;format=webp,6568686.0,GSRF MQKW3LL/A,929.0,1299.0,28.48%,4.3,6.0,False,Macbook
"Geek Squad Certified Refurbished MacBook Air 13.6"" Laptop - Apple M2 chip - 8GB Memory - 512GB SSD - Starlight",https://www.bestbuy.com/site/geek-squad-certified-refurbished-macbook-air-13-6-laptop-apple-m2-chip-8gb-memory-512gb-ssd-starlight/6550225.p?skuId=6550225,https://pisces.bbystatic.com/image2/BestBuy_US/images/products/6550/6550225_sd.jpg;maxHeight=121;maxWidth=300;format=webp,6550225.0,GSRF MLY23LL/A,944.0,1399.0,32.52%,5.0,9.0,False,Macbook
"Apple - Geek Squad Certified Refurbished MacBook Air 13.3"" Laptop - Intel Core i3 - 8GB Memory - 256GB Solid State Drive - Silver",https://www.bestbuy.com/site/apple-geek-squad-certified-refurbished-macbook-air-13-3-laptop-intel-core-i3-8gb-memory-256gb-solid-state-drive-silver/6489722.p?skuId=6489722,https://pisces.bbystatic.com/image2/BestBuy_US/images/products/6489/6489722_sd.jpg;maxHeight=115;maxWidth=300;format=webp,6489722.0,GSRF MWTK2LL/A,429.0,949.0,54.79%,4.4,114.0,False,Macbook
"Apple - Geek Squad Certified Refurbished MacBook Pro 15.4"" Display- Intel Core i9- 16GB Memory- AMD Radeon Pro 560X - 512GB SSD - Silver",https://www.bestbuy.com/site/apple-geek-squad-certified-refurbished-macbook-pro-15-4-display-intel-core-i9-16gb-memory-amd-radeon-pro-560x-512gb-ssd-silver/6489763.p?skuId=6489763,https://pisces.bbystatic.com/image2/BestBuy_US/images/products/6489/6489763_sd.jpg;maxHeight=130;maxWidth=300;format=webp,6489763.0,GSRF MV912LL/A,749.0,2799.0,73.24%,3.4,12.0,False,Macbook
"Apple - Geek Squad Certified Refurbished MacBook Pro - 13"" Display with Touch Bar - Intel Core i5 - 8GB Memory - 256GB SSD - Space Gray",https://www.bestbuy.com/site/apple-geek-squad-certified-refurbished-macbook-pro-13-display-with-touch-bar-intel-core-i5-8gb-memory-256gb-ssd-space-gray/6489840.p?skuId=6489840,https://pisces.bbystatic.com/image2/BestBuy_US/images/products/6489/6489840_sd.jpg;maxHeight=116;maxWidth=300;format=webp,6489840.0,GSRF MXK32LL/A,549.0,1249.0,56.04%,4.0,51.0,False,Macbook
"Apple - Geek Squad Certified Refurbished MacBook Pro - 16"" Display- Intel Core i7- 16GB Memory- AMD Radeon Pro 5300M - 512GB SSD - Space Gray",https://www.bestbuy.com/site/apple-geek-squad-certified-refurbished-macbook-pro-16-display-intel-core-i7-16gb-memory-amd-radeon-pro-5300m-512gb-ssd-space-gray/6489615.p?skuId=6489615,https://pisces.bbystatic.com/image2/BestBuy_US/images/products/6489/6489615_sd.jpg;maxHeight=114;maxWidth=300;format=webp,6489615.0,GSRF MVVJ2LL/A,809.0,2399.0,66.28%,4.1,78.0,False,Macbook
"Apple - Geek Squad Certified Refurbished MacBook Air  - 13.3"" Display - Intel Core i5 - 8GB Memory - 128GB Flash Storage - Silver",https://www.bestbuy.com/site/apple-geek-squad-certified-refurbished-macbook-air-13-3-display-intel-core-i5-8gb-memory-128gb-flash-storage-silver/6530194.p?skuId=6530194,https://pisces.bbystatic.com/image2/BestBuy_US/images/products/6530/6530194_sd.jpg;maxHeight=115;maxWidth=300;format=webp,6530194.0,GSRF MQD32LL/A,339.0,999.0,66.07%,3.8,98.0,False,Macbook
"Geek Squad Certified Refurbished MacBook Air 13.6"" Laptop - Apple M2 chip - 8GB Memory - 512GB SSD - Space Gray",https://www.bestbuy.com/site/geek-squad-certified-refurbished-macbook-air-13-6-laptop-apple-m2-chip-8gb-memory-512gb-ssd-space-gray/6550224.p?skuId=6550224,https://pisces.bbystatic.com/image2/BestBuy_US/images/products/6550/6550224_sd.jpg;maxHeight=121;maxWidth=300;format=webp,6550224.0,GSRF MLXX3LL/A,899.0,1399.0,35.74%,5.0,9.0,False,Macbook
"Geek Squad Certified Refurbished MacBook Pro 13.3"" Laptop - Apple M2 chip - 8GB Memory - 256GB SSD - Space Gray",https://www.bestbuy.com/site/geek-squad-certified-refurbished-macbook-pro-13-3-laptop-apple-m2-chip-8gb-memory-256gb-ssd-space-gray/6550210.p?skuId=6550210,https://pisces.bbystatic.com/image2/BestBuy_US/images/products/6550/6550210_sd.jpg;maxHeight=116;maxWidth=300;format=webp,6550210.0,GSRF MNEH3LL/A,909.0,1299.0,30.02%,4.4,8.0,False,Macbook
"Apple - Geek Squad Certified Refurbished MacBook Pro - 13"" Display with Touch Bar - Intel Core i5 - 8GB Memory - 128GB SSD - Space Gray",https://www.bestbuy.com/site/apple-geek-squad-certified-refurbished-macbook-pro-13-display-with-touch-bar-intel-core-i5-8gb-memory-128gb-ssd-space-gray/6489774.p?skuId=6489774,https://pisces.bbystatic.com/image2/BestBuy_US/images/products/6489/6489774_sd.jpg;maxHeight=116;maxWidth=300;format=webp,6489774.0,GSRF MUHN2LL/A,489.0,1199.0,59.22%,4.1,56.0,False,Macbook
Sony - Geek Squad Certified Refurbished PlayStation 4 (500GB) - PRE-OWNED - Black,https://www.bestbuy.com/site/sony-geek-squad-certified-refurbished-playstation-4-500gb-pre-owned-black/6509621.p?skuId=6509621,https://pisces.bbystatic.com/image2/BestBuy_US/images/products/6509/6509621_sa.jpg;maxHeight=185;maxWidth=300;format=webp,6509621.0,GSRF SONY PLAYSTATION 4,169.0,349.0,51.58%,3.9,95.0,False,PlayStation
Sony - PlayStation 5 Slim Console - White,https://www.bestbuy.com/site/sony-playstation-5-slim-console-white/6566039.p?skuId=6566039,https://pisces.bbystatic.com/image2/BestBuy_US/images/products/f3d55853-e894-41b3-8dc2-bc34c6038cf2.jpg;maxHeight=133;maxWidth=300;format=webp,6566039.0,1000039671,449.0,499.0,10.02%,4.9,3376.0,False,PlayStation
Sony - PlayStation 5 Slim Console Digital Edition - White,https://www.bestbuy.com/site/sony-playstation-5-slim-console-digital-edition-white/6566040.p?skuId=6566040,https://pisces.bbystatic.com/image2/BestBuy_US/images/products/0efb0560-9e87-4ab3-ab65-abf106612146.jpg;maxHeight=133;maxWidth=300;format=webp,6566040.0,1000039670,399.0,449.0,11.14%,4.8,2323.0,False,PlayStation
Sony - PlayStation 5 Pro Console - White,https://www.bestbuy.com/site/sony-playstation-5-pro-console-white/6601524.p?skuId=6601524,https://pisces.bbystatic.com/image2/BestBuy_US/images/products/6601/6601524_sd.jpg;maxHeight=93;maxWidth=300;format=webp,6601524.0,1000046529,699.0,,,0.0,0.0,False,PlayStation
Sony - PlayStation 5 Slim Console Digital Edition  NBA 2K25 Bundle - Black,https://www.bestbuy.com/site/sony-playstation-5-slim-console-digital-edition-nba-2k25-bundle-black/6595648.p?skuId=6595648,https://pisces.bbystatic.com/image2/BestBuy_US/images/products/24003c09-81a7-4149-bf50-7732920621a5.jpg;maxHeight=96;maxWidth=300;format=webp,6595648.0,1000044179,449.0,499.0,10.02%,4.1,9.0,False,PlayStation
Sony - Geek Squad Certified Refurbished PlayStation 5 Console - White,https://www.bestbuy.com/site/sony-geek-squad-certified-refurbished-playstation-5-console-white/6601553.p?skuId=6601553,https://pisces.bbystatic.com/image2/BestBuy_US/images/products/6523/6523167_sd.jpg;maxHeight=101;maxWidth=300;format=webp,6601553.0,TI-GSRF 1000031652,499.0,,,0.0,0.0,False,PlayStation
Sony - Geek Squad Certified Refurbished PlayStation 4 1TB Console - Black,https://www.bestbuy.com/site/sony-geek-squad-certified-refurbished-playstation-4-1tb-console-black/6509622.p?skuId=6509622,https://pisces.bbystatic.com/image2/BestBuy_US/images/products/6509/6509622_sd.jpg;maxHeight=191;maxWidth=300;format=webp,6509622.0,TI-GSRF 3003348,189.0,299.0,36.79%,4.0,128.0,False,PlayStation
Sony - PlayStation 5 Slim Console Digital Edition  30th Anniversary Limited Edition Bundle - Gray,https://www.bestbuy.com/site/sony-playstation-5-slim-console-digital-edition-30th-anniversary-limited-edition-bundle-gray/6602619.p?skuId=6602619,https://pisces.bbystatic.com/image2/BestBuy_US/images/products/4b6abbd6-f013-488a-9aa7-6d15c4504df5.jpg;maxHeight=76;maxWidth=300;format=webp,6602619.0,1000046530,499.0,,,0.0,0.0,False,PlayStation
Sony - PlayStation 4 Console Uncharted 4: A Thief's End Bundle - Black,https://www.bestbuy.com/product/sony-playstation-4-console-uncharted-4-a-thiefs-end-bundle-black/5389000/openbox,https://pisces.bbystatic.com/image2/BestBuy_US/images/products/5389/5389000_sd.jpg;maxHeight=95;maxWidth=300;format=webp,5389000.0,3001504,0.0,,,4.8,5632.0,False,PlayStation
Sony - PlayStation 4 1TB Console - Black,https://www.bestbuy.com/site/sony-playstation-4-1tb-console-black/5850905.p?skuId=5850905,https://pisces.bbystatic.com/image2/BestBuy_US/images/products/5850/5850905_sd.jpg;maxHeight=191;maxWidth=300;format=webp,5850905.0,3002337,299.0,,,4.8,13096.0,False,PlayStation
Sony - Geek Squad Certified Refurbished PlayStation 4 Pro Console - Jet Black,https://www.bestbuy.com/site/sony-geek-squad-certified-refurbished-playstation-4-pro-console-jet-black/6509620.p?skuId=6509620,https://pisces.bbystatic.com/image2/BestBuy_US/images/products/6509/6509620_sd.jpg;maxHeight=172;maxWidth=300;format=webp,6509620.0,TI-GSRF 3003346,209.0,399.0,47.62%,3.8,185.0,False,PlayStation
Nintendo Switch: Mario Kart 8 Deluxe Bundle - Multi,https://www.bestbuy.com/site/nintendo-switch-mario-kart-8-deluxe-bundle-multi/6352465.p?skuId=6352465,https://pisces.bbystatic.com/image2/BestBuy_US/images/products/b0ad4859-e329-406b-a5e6-40cc9ad2f36e.jpg;maxHeight=166;maxWidth=300;format=webp,,6352465,299.0,,,5.0,1.0,False,Nintendo
Nintendo - Switch with Neon Blue and Neon Red JoyCon - Multi,https://www.bestbuy.com/site/nintendo-switch-with-neon-blue-and-neon-red-joycon-multi/6522225.p?skuId=6522225,https://pisces.bbystatic.com/image2/BestBuy_US/images/products/6522/6522225_sd.jpg;maxHeight=166;maxWidth=300;format=webp,6522225.0,HADSKABAH,299.0,,,4.9,55536.0,False,Nintendo
Nintendo - Switch 32GB Lite - Blue,https://www.bestbuy.com/site/nintendo-switch-32gb-lite-blue/6460946.p?skuId=6460946,https://pisces.bbystatic.com/image2/BestBuy_US/images/products/6460/6460946_sd.jpg;maxHeight=128;maxWidth=300;format=webp,6460946.0,HDHSBBZAA,199.0,,,4.8,16991.0,False,Nintendo
Nintendo - Switch  OLED Model w/Joy-Con - White,https://www.bestbuy.com/site/nintendo-switch-oled-model-w-joy-con-white/6470923.p?skuId=6470923,https://pisces.bbystatic.com/image2/BestBuy_US/images/products/6470/6470923_sd.jpg;maxHeight=200;maxWidth=232;format=webp,6470923.0,115461,349.0,,,4.9,12646.0,False,Nintendo
Nintendo - Geek Squad Certified Refurbished Switch  OLED Model w/ Neon Red & Neon Blue Joy-Con - Multi,https://www.bestbuy.com/site/nintendo-geek-squad-certified-refurbished-switch-oled-model-w-neon-red-neon-blue-joy-con-multi/6483513.p?skuId=6483513,https://pisces.bbystatic.com/image2/BestBuy_US/images/products/6483/6483513_sd.jpg;maxHeight=200;maxWidth=232;format=webp,6483513.0,GSRF 115464,0.0,,,4.6,569.0,False,Nintendo
Nintendo - Geek Squad Certified Refurbished Switch Lite - Turquoise,https://www.bestbuy.com/site/nintendo-geek-squad-certified-refurbished-switch-lite-turquoise/6377155.p?skuId=6377155,https://pisces.bbystatic.com/image2/BestBuy_US/images/products/6257/6257139_sd.jpg;maxHeight=129;maxWidth=300;format=webp,6377155.0,GSRF 110663,0.0,,,4.6,275.0,False,Nintendo
Geek Squad Certified Refurbished Nintendo Switch  OLED Model Splatoon 3 Special Edition - Multi,https://www.bestbuy.com/site/geek-squad-certified-refurbished-nintendo-switch-oled-model-splatoon-3-special-edition-multi/6520816.p?skuId=6520816,https://pisces.bbystatic.com/image2/BestBuy_US/images/products/6520/6520816_sd.jpg;maxHeight=190;maxWidth=300;format=webp,6520816.0,GSRF HEGSKCAAA,0.0,,,4.9,14.0,False,Nintendo
Nintendo - Geek Squad Certified Refurbished Switch Lite 32GB Console,https://www.bestbuy.com/site/nintendo-geek-squad-certified-refurbished-switch-lite-32gb-console/6463700.p?skuId=6463700,https://pisces.bbystatic.com/image2/BestBuy_US/images/products/6463/6463700_sd.jpg;maxHeight=128;maxWidth=300;format=webp,6463700.0,GSRF HDHSBBZAA,0.0,,,4.7,71.0,False,Nintendo
Nintendo - Geek Squad Certified Refurbished Switch with Neon Blue and Neon Red JoyCon,https://www.bestbuy.com/site/nintendo-geek-squad-certified-refurbished-switch-with-neon-blue-and-neon-red-joycon/6534106.p?skuId=6534106,https://pisces.bbystatic.com/image2/BestBuy_US/images/products/6534/6534106_sd.jpg;maxHeight=150;maxWidth=300;format=webp,6534106.0,GSRF HADSKABAH,0.0,,,4.7,90.0,False,Nintendo
Nintendo - Geek Squad Certified Refurbished Switch  OLED Model w/Joy-Con - White,https://www.bestbuy.com/site/nintendo-geek-squad-certified-refurbished-switch-oled-model-w-joy-con-white/6483512.p?skuId=6483512,https://pisces.bbystatic.com/image2/BestBuy_US/images/products/6483/6483512_sd.jpg;maxHeight=200;maxWidth=232;format=webp,6483512.0,GSRF 115461,0.0,,,4.6,569.0,False,Nintendo
Nintendo - Geek Squad Certified Refurbished Mario Red Edition - Red,https://www.bestbuy.com/site/nintendo-geek-squad-certified-refurbished-mario-red-edition-red/6563716.p?skuId=6563716,https://pisces.bbystatic.com/image2/BestBuy_US/images/products/6560/6560199_sd.jpg;maxHeight=200;maxWidth=232;format=webp,,6563716,0.0,,,4.0,1.0,False,Nintendo
Nintendo - Geek Squad Certified Refurbished Switch - Neon Red/Neon Blue Joy-Con,https://www.bestbuy.com/site/nintendo-geek-squad-certified-refurbished-switch-neon-red-neon-blue-joy-con/6377113.p?skuId=6377113,https://pisces.bbystatic.com/image2/BestBuy_US/images/products/6377/6377113_sd.jpg;maxHeight=143;maxWidth=300;format=webp,6377113.0,GSRF HADSKABAA,0.0,,,4.5,172.0,False,Nintendo
Nintendo - Geek Squad Certified Refurbished Switch Mario Choose One Bundle,https://www.bestbuy.com/site/nintendo-geek-squad-certified-refurbished-switch-mario-choose-one-bundle/6538511.p?skuId=6538511,https://pisces.bbystatic.com/image2/BestBuy_US/images/products/6538/6538511_sd.jpg;maxHeight=138;maxWidth=300;format=webp,6538511.0,GSRF 118107,0.0,,,0.0,0.0,False,Nintendo
Nintendo - Geek Squad Certified Refurbished Switch  OLED Model: Pokmon Scarlet & Violet Edition - Multi,https://www.bestbuy.com/site/nintendo-geek-squad-certified-refurbished-switch-oled-model-pokemon-scarlet-violet-edition-multi/6534882.p?skuId=6534882,https://pisces.bbystatic.com/image2/BestBuy_US/images/products/6534/6534882_sd.jpg;maxHeight=190;maxWidth=300;format=webp,6534882.0,GSRF HEGSKEAAA,0.0,,,0.0,0.0,False,Nintendo
Nintendo - Geek Squad Certified Refurbished Switch - Animal Crossing: New Horizons Edition 32GB Console - Multi,https://www.bestbuy.com/site/nintendo-geek-squad-certified-refurbished-switch-animal-crossing-new-horizons-edition-32gb-console-multi/6407085.p?skuId=6407085,https://pisces.bbystatic.com/image2/BestBuy_US/images/products/6401/6401728_sd.jpg;maxHeight=143;maxWidth=300;format=webp,6407085.0,HADSKEAAA,0.0,,,4.5,86.0,False,Nintendo
Nintendo - Geek Squad Certified Refurbished Switch - Gray Joy-Con,https://www.bestbuy.com/site/nintendo-geek-squad-certified-refurbished-switch-gray-joy-con/6376684.p?skuId=6376684,https://pisces.bbystatic.com/image2/BestBuy_US/images/products/6376/6376684_sd.jpg;maxHeight=143;maxWidth=300;format=webp,6376684.0,GSRF HADSKAAAA,0.0,,,4.5,172.0,False,Nintendo
